day,price
0,19.299999237060547
1,20.5
2,20.209999084472656
3,21.010000228881836
4,21.5
5,22.15999984741211
6,22.200000762939453
7,22.579999923706055
8,22.149999618530273
9,22.209999084472656
10,21.979999542236328
11,21.760000228881836
12,21.709999084472656
13,22.270000457763672
14,22.079999923706055
15,21.489999771118164
16,21.3799991607666
17,21.020000457763672
18,21.959999084472656
19,22.309999465942383
20,22.0
21,22.31999969482422
22,22.559999465942383
23,23.899999618530273
24,24.68000030517578
25,25.020000457763672
26,27.549999237060547
27,27.8700008392334
28,28.799999237060547
29,28.93000030517578
30,29.43000030517578
31,31.299999237060547
32,32.79999923706055
33,33.349998474121094
34,33.75
35,33.880001068115234
36,33.599998474121094
37,34.31999969482422
38,33.04999923706055
39,31.989999771118164
40,32.5
41,33.040000915527344
42,32.849998474121094
43,33.40999984741211
44,32.900001525878906
45,33.59000015258789
46,34.279998779296875
47,34.279998779296875
48,32.349998474121094
49,33.619998931884766
50,33.95000076293945
51,33.65999984741211
52,33.880001068115234
53,33.7599983215332
54,33.25
55,33.540000915527344
56,33.630001068115234
57,35.150001525878906
58,35.25
59,35.31999969482422
60,36.5099983215332
61,36.83000183105469
62,37.72999954223633
63,37.459999084472656
64,37.45000076293945
65,37.380001068115234
66,37.13999938964844
67,37.45000076293945
68,39.20000076293945
69,39.709999084472656
70,39.0
71,38.61000061035156
72,37.79999923706055
73,34.79999923706055
74,34.9900016784668
75,34.04999923706055
76,30.0
77,31.0
78,30.389999389648438
79,29.239999771118164
80,29.420000076293945
81,31.020000457763672
82,31.0
83,30.25
84,28.889999389648438
85,29.0
86,29.34000015258789
87,29.3799991607666
88,30.010000228881836
89,29.549999237060547
90,29.270000457763672
91,29.0
92,29.989999771118164
93,30.350000381469727
94,30.0
95,31.170000076293945
96,32.79999923706055
97,33.75
98,33.380001068115234
99,33.150001525878906
100,32.5
101,33.63999938964844
102,34.650001525878906
103,33.52000045776367
104,33.349998474121094
105,33.09000015258789
106,32.79999923706055
107,32.900001525878906
108,31.8700008392334
109,31.809999465942383
110,32.40999984741211
111,33.459999084472656
112,32.849998474121094
113,33.2599983215332
114,33.04999923706055
115,34.099998474121094
116,35.06999969482422
117,35.16999816894531
118,35.43000030517578
119,36.95000076293945
120,36.97999954223633
121,39.599998474121094
122,39.11000061035156
123,38.709999084472656
124,39.16999816894531
125,37.56999969482422
126,37.709999084472656
127,37.4900016784668
128,40.0
129,39.599998474121094
130,39.47999954223633
131,39.47999954223633
132,40.150001525878906
133,39.650001525878906
134,37.91999816894531
135,37.5
136,37.5
137,38.630001068115234
138,36.900001525878906
139,37.04999923706055
140,38.439998626708984
141,38.0
142,37.72999954223633
143,41.900001525878906
144,42.72999954223633
145,42.9900016784668
146,44.29999923706055
147,43.2599983215332
148,43.68000030517578
149,45.400001525878906
150,47.79999923706055
151,48.04999923706055
152,48.59000015258789
153,47.29999923706055
154,51.630001068115234
155,50.099998474121094
156,49.119998931884766
157,48.02000045776367
158,49.75
159,47.849998474121094
160,46.630001068115234
161,46.900001525878906
162,47.400001525878906
163,47.0
164,45.189998626708984
165,43.81999969482422
166,43.900001525878906
167,46.369998931884766
168,44.61000061035156
169,46.70000076293945
170,46.25
171,45.849998474121094
172,44.58000183105469
173,46.279998779296875
174,46.88999938964844
175,47.18000030517578
176,47.81999969482422
177,44.25
178,41.54999923706055
179,42.4900016784668
180,45.47999954223633
181,45.20000076293945
182,46.470001220703125
183,47.470001220703125
184,48.939998626708984
185,49.529998779296875
186,50.66999816894531
187,49.63999938964844
188,48.040000915527344
189,47.29999923706055
190,48.11000061035156
191,50.540000915527344
192,52.099998474121094
193,53.5
194,55.63999938964844
195,54.810001373291016
196,55.849998474121094
197,53.45000076293945
198,52.54999923706055
199,48.52000045776367
200,47.20000076293945
201,47.56999969482422
202,48.79999923706055
203,51.25
204,50.20000076293945
205,48.77000045776367
206,50.04999923706055
207,50.939998626708984
208,51.130001068115234
209,47.9900016784668
210,48.209999084472656
211,45.689998626708984
212,43.540000915527344
213,43.880001068115234
214,46.560001373291016
215,44.95000076293945
216,43.06999969482422
217,41.95000076293945
218,40.779998779296875
219,40.52000045776367
220,37.189998626708984
221,38.13999938964844
222,40.599998474121094
223,43.0
224,42.790000915527344
225,42.099998474121094
226,40.22999954223633
227,41.5
228,40.88999938964844
229,40.220001220703125
230,39.47999954223633
231,41.810001373291016
232,42.29999923706055
233,43.45000076293945
234,42.25
235,41.75
236,42.79999923706055
237,40.560001373291016
238,40.939998626708984
239,41.15999984741211
240,40.470001220703125
241,44.599998474121094
242,44.900001525878906
243,46.529998779296875
244,46.22999954223633
245,44.939998626708984
246,46.54999923706055
247,47.31999969482422
248,45.97999954223633
249,46.040000915527344
250,47.66999816894531
251,48.0
252,45.029998779296875
253,44.189998626708984
254,44.33000183105469
255,46.11000061035156
256,47.65999984741211
257,47.459999084472656
258,48.11000061035156
259,47.75
260,47.029998779296875
261,48.279998779296875
262,47.5099983215332
263,47.560001373291016
264,45.91999816894531
265,45.06999969482422
266,44.810001373291016
267,46.38999938964844
268,47.70000076293945
269,49.7400016784668
270,50.25
271,50.59000015258789
272,48.5099983215332
273,49.43000030517578
274,49.36000061035156
275,51.279998779296875
276,49.86000061035156
277,48.5099983215332
278,47.5
279,47.41999816894531
280,50.06999969482422
281,50.61000061035156
282,49.529998779296875
283,48.90999984741211
284,49.29999923706055
285,51.529998779296875
286,50.93000030517578
287,59.5
288,60.61000061035156
289,59.45000076293945
290,59.849998474121094
291,60.88999938964844
292,62.95000076293945
293,62.95000076293945
294,59.15999984741211
295,58.18000030517578
296,56.7599983215332
297,56.7599983215332
298,56.099998474121094
299,58.16999816894531
300,57.68000030517578
301,60.310001373291016
302,59.0099983215332
303,59.25
304,61.560001373291016
305,59.459999084472656
306,59.25
307,57.08000183105469
308,56.5
309,55.79999923706055
310,57.5
311,55.79999923706055
312,55.7599983215332
313,55.34000015258789
314,55.810001373291016
315,57.040000915527344
316,55.7599983215332
317,53.849998474121094
318,56.29999923706055
319,58.84000015258789
320,58.290000915527344
321,57.93000030517578
322,57.900001525878906
323,58.93000030517578
324,61.20000076293945
325,60.810001373291016
326,61.959999084472656
327,58.650001525878906
328,57.83000183105469
329,58.290000915527344
330,57.029998779296875
331,53.27000045776367
332,53.349998474121094
333,53.86000061035156
334,52.130001068115234
335,54.43000030517578
336,53.099998474121094
337,55.97999954223633
338,57.9900016784668
339,57.97999954223633
340,58.40999984741211
341,58.310001373291016
342,58.08000183105469
343,59.310001373291016
344,58.13999938964844
345,58.880001068115234
346,59.16999816894531
347,57.790000915527344
348,57.400001525878906
349,56.70000076293945
350,56.380001068115234
351,55.72999954223633
352,54.619998931884766
353,54.25
354,53.34000015258789
355,51.790000915527344
356,52.290000915527344
357,52.08000183105469
358,50.650001525878906
359,50.09000015258789
360,50.22999954223633
361,49.349998474121094
362,49.310001373291016
363,48.93000030517578
364,49.45000076293945
365,47.439998626708984
366,45.779998779296875
367,46.540000915527344
368,46.38999938964844
369,47.86000061035156
370,48.529998779296875
371,49.40999984741211
372,47.900001525878906
373,47.58000183105469
374,46.720001220703125
375,46.709999084472656
376,46.40999984741211
377,45.529998779296875
378,45.47999954223633
379,45.04999923706055
380,47.869998931884766
381,46.4900016784668
382,47.04999923706055
383,47.810001373291016
384,45.84000015258789
385,45.0099983215332
386,44.119998931884766
387,45.22999954223633
388,45.34000015258789
389,45.95000076293945
390,46.97999954223633
391,45.41999816894531
392,45.310001373291016
393,43.209999084472656
394,42.77000045776367
395,42.650001525878906
396,39.33000183105469
397,37.18000030517578
398,36.939998626708984
399,37.060001373291016
400,36.18000030517578
401,35.54999923706055
402,36.150001525878906
403,35.11000061035156
404,34.400001525878906
405,34.34000015258789
406,33.279998779296875
407,33.36000061035156
408,33.529998779296875
409,32.45000076293945
410,32.97999954223633
411,33.27000045776367
412,33.47999954223633
413,33.0099983215332
414,34.77000045776367
415,34.95000076293945
416,35.130001068115234
417,34.25
418,35.599998474121094
419,35.65999984741211
420,35.650001525878906
421,35.25
422,33.95000076293945
423,33.529998779296875
424,32.630001068115234
425,30.200000762939453
426,30.889999389648438
427,29.65999984741211
428,29.190000534057617
429,28.719999313354492
430,28.799999237060547
431,27.610000610351562
432,27.290000915527344
433,29.139999389648438
434,29.709999084472656
435,29.5
436,29.34000015258789
437,29.239999771118164
438,28.260000228881836
439,29.670000076293945
440,31.0
441,30.270000457763672
442,30.700000762939453
443,32.86000061035156
444,33.81999969482422
445,34.619998931884766
446,35.86000061035156
447,33.83000183105469
448,34.72999954223633
449,34.93000030517578
450,34.099998474121094
451,34.959999084472656
452,35.29999923706055
453,34.90999984741211
454,36.0
455,34.709999084472656
456,34.5
457,35.279998779296875
458,34.84000015258789
459,34.56999969482422
460,33.47999954223633
461,32.68000030517578
462,31.010000228881836
463,30.440000534057617
464,30.700000762939453
465,31.139999389648438
466,30.0
467,31.270000457763672
468,31.389999389648438
469,29.149999618530273
470,28.979999542236328
471,29.459999084472656
472,28.719999313354492
473,25.59000015258789
474,26.90999984741211
475,26.309999465942383
476,26.65999984741211
477,28.510000228881836
478,30.56999969482422
479,29.6200008392334
480,30.719999313354492
481,29.780000686645508
482,28.700000762939453
483,29.84000015258789
484,30.15999984741211
485,30.950000762939453
486,32.560001373291016
487,31.56999969482422
488,31.139999389648438
489,29.809999465942383
490,29.510000228881836
491,31.149999618530273
492,29.889999389648438
493,29.899999618530273
494,30.079999923706055
495,29.15999984741211
496,29.790000915527344
497,30.459999084472656
498,29.760000228881836
499,29.389999389648438
500,25.979999542236328
501,26.600000381469727
502,26.899999618530273
503,26.5
504,26.25
505,27.459999084472656
506,28.649999618530273
507,29.040000915527344
508,29.510000228881836
509,30.010000228881836
510,30.56999969482422
511,31.530000686645508
512,30.799999237060547
513,29.149999618530273
514,30.149999618530273
515,28.200000762939453
516,28.790000915527344
517,28.809999465942383
518,27.719999313354492
519,26.3799991607666
520,26.5
521,28.670000076293945
522,28.739999771118164
523,27.389999389648438
524,27.350000381469727
525,27.06999969482422
526,28.469999313354492
527,27.65999984741211
528,26.84000015258789
529,25.8799991607666
530,25.149999618530273
531,23.079999923706055
532,22.600000381469727
533,22.040000915527344
534,21.030000686645508
535,22.030000686645508
536,23.40999984741211
537,23.479999542236328
538,23.229999542236328
539,22.40999984741211
540,20.610000610351562
541,19.219999313354492
542,19.940000534057617
543,20.350000381469727
544,19.549999237060547
545,19.510000228881836
546,20.969999313354492
547,20.059999465942383
548,20.770000457763672
549,19.93000030517578
550,19.6200008392334
551,18.040000915527344
552,17.540000915527344
553,18.25
554,18.760000228881836
555,17.59000015258789
556,15.3100004196167
557,15.739999771118164
558,15.65999984741211
559,14.760000228881836
560,14.8100004196167
561,15.4399995803833
562,15.5
563,15.399999618530273
564,15.979999542236328
565,15.720000267028809
566,15.180000305175781
567,14.710000038146973
568,14.710000038146973
569,13.319999694824219
570,12.720000267028809
571,12.40999984741211
572,12.229999542236328
573,11.010000228881836
574,10.890000343322754
575,12.550000190734863
576,11.890000343322754
577,12.039999961853027
578,12.510000228881836
579,12.539999961853027
580,12.510000228881836
581,12.920000076293945
582,12.020000457763672
583,13.140000343322754
584,12.65999984741211
585,12.289999961853027
586,13.329999923706055
587,13.100000381469727
588,13.380000114440918
589,13.84000015258789
590,15.390000343322754
591,14.460000038146973
592,14.550000190734863
593,15.34000015258789
594,15.399999618530273
595,15.170000076293945
596,15.109999656677246
597,14.899999618530273
598,15.319999694824219
599,14.039999961853027
600,14.40999984741211
601,13.90999984741211
602,14.210000038146973
603,13.930000305175781
604,13.479999542236328
605,13.699999809265137
606,13.890000343322754
607,13.800000190734863
608,13.149999618530273
609,12.399999618530273
610,11.989999771118164
611,12.609999656677246
612,12.760000228881836
613,11.5600004196167
614,10.989999771118164
615,10.289999961853027
616,9.979999542236328
617,9.020000457763672
618,8.760000228881836
619,8.289999961853027
620,7.449999809265137
621,7.980000019073486
622,8.430000305175781
623,8.729999542236328
624,9.100000381469727
625,9.119999885559082
626,8.529999732971191
627,8.199999809265137
628,8.569999694824219
629,8.90999984741211
630,9.630000114440918
631,9.170000076293945
632,9.25
633,9.430000305175781
634,9.619999885559082
635,9.869999885559082
636,8.84000015258789
637,9.15999984741211
638,8.8100004196167
639,8.739999771118164
640,8.149999618530273
641,8.050000190734863
642,7.869999885559082
643,8.029999732971191
644,7.829999923706055
645,6.840000152587891
646,6.25
647,7.059999942779541
648,7.159999847412109
649,8.619999885559082
650,8.960000038146973
651,8.59000015258789
652,9.350000381469727
653,8.720000267028809
654,8.319999694824219
655,8.029999732971191
656,7.340000152587891
657,7.039999961853027
658,7.079999923706055
659,6.989999771118164
660,6.980000019073486
661,7.25
662,7.619999885559082
663,7.800000190734863
664,7.309999942779541
665,6.869999885559082
666,5.349999904632568
667,5.21999979019165
668,4.179999828338623
669,4.440000057220459
670,4.079999923706055
671,4.320000171661377
672,3.9600000381469727
673,3.759999990463257
674,4.059999942779541
675,4.190000057220459
676,4.420000076293945
677,4.119999885559082
678,3.9200000762939453
679,3.7799999713897705
680,3.200000047683716
681,2.690000057220459
682,2.859999895095825
683,3.109999895095825
684,3.259999990463257
685,3.009999990463257
686,3.5399999618530273
687,3.1500000953674316
688,2.5399999618530273
689,2.440000057220459
690,2.5799999237060547
691,2.450000047683716
692,2.450000047683716
693,2.5
694,2.4100000858306885
695,2.369999885559082
696,2.4000000953674316
697,2.4700000286102295
698,2.700000047683716
699,2.609999895095825
700,2.4200000762939453
701,2.180000066757202
702,1.909999966621399
703,1.7599999904632568
704,2.240000009536743
705,2.5299999713897705
706,2.869999885559082
707,2.690000057220459
708,4.269999980926514
709,5.059999942779541
710,4.519999980926514
711,4.539999961853027
712,4.170000076293945
713,4.849999904632568
714,4.869999885559082
715,5.059999942779541
716,5.159999847412109
717,5.679999828338623
718,6.699999809265137
719,6.659999847412109
720,6.769999980926514
721,7.960000038146973
722,8.390000343322754
723,9.390000343322754
724,9.109999656677246
725,8.859999656677246
726,9.020000457763672
727,8.989999771118164
728,7.639999866485596
729,7.510000228881836
730,6.800000190734863
731,7.860000133514404
732,7.78000020980835
733,7.340000152587891
734,7.079999923706055
735,8.15999984741211
736,8.489999771118164
737,8.819999694824219
738,8.539999961853027
739,7.650000095367432
740,7.909999847412109
741,7.679999828338623
742,7.130000114440918
743,6.670000076293945
744,7.519999980926514
745,7.880000114440918
746,7.840000152587891
747,9.100000381469727
748,7.739999771118164
749,7.949999809265137
750,7.909999847412109
751,6.860000133514404
752,7.059999942779541
753,6.269999980926514
754,6.21999979019165
755,6.119999885559082
756,5.599999904632568
757,6.03000020980835
758,7.0
759,6.920000076293945
760,6.489999771118164
761,6.179999828338623
762,5.110000133514404
763,4.130000114440918
764,3.630000114440918
765,4.599999904632568
766,5.679999828338623
767,5.539999961853027
768,5.289999961853027
769,6.78000020980835
770,7.380000114440918
771,7.389999866485596
772,7.829999923706055
773,8.489999771118164
774,7.139999866485596
775,7.96999979019165
776,7.150000095367432
777,8.5600004196167
778,8.460000038146973
779,9.329999923706055
780,10.140000343322754
781,10.859999656677246
782,10.069999694824219
783,8.75
784,7.920000076293945
785,7.869999885559082
786,7.5
787,7.510000228881836
788,5.230000019073486
789,6.53000020980835
790,5.730000019073486
791,6.179999828338623
792,6.079999923706055
793,4.900000095367432
794,4.409999847412109
795,4.480000019073486
796,5.110000133514404
797,5.860000133514404
798,5.900000095367432
799,5.960000038146973
800,5.119999885559082
801,6.0
802,6.170000076293945
803,6.650000095367432
804,7.46999979019165
805,7.889999866485596
806,6.820000171661377
807,7.300000190734863
808,6.519999980926514
809,6.679999828338623
810,6.349999904632568
811,7.150000095367432
812,7.369999885559082
813,7.369999885559082
814,7.440000057220459
815,7.329999923706055
816,7.239999771118164
817,7.650000095367432
818,7.429999828338623
819,7.420000076293945
820,7.53000020980835
821,7.730000019073486
822,8.390000343322754
823,8.329999923706055
824,9.0600004196167
825,9.079999923706055
826,9.569999694824219
827,9.0
828,8.539999961853027
829,8.270000457763672
830,7.389999866485596
831,7.550000190734863
832,8.529999732971191
833,7.630000114440918
834,7.539999961853027
835,7.650000095367432
836,7.820000171661377
837,7.699999809265137
838,6.710000038146973
839,7.300000190734863
840,6.46999979019165
841,5.670000076293945
842,5.71999979019165
843,5.769999980926514
844,5.46999979019165
845,5.21999979019165
846,5.46999979019165
847,5.409999847412109
848,5.059999942779541
849,4.579999923706055
850,4.730000019073486
851,4.75
852,4.420000076293945
853,3.7799999713897705
854,3.5999999046325684
855,3.119999885559082
856,3.549999952316284
857,3.6600000858306885
858,3.299999952316284
859,3.25
860,2.8499999046325684
861,2.4700000286102295
862,2.299999952316284
863,2.369999885559082
864,1.9700000286102295
865,2.1600000858306885
866,2.009999990463257
867,2.390000104904175
868,2.5899999141693115
869,2.799999952316284
870,3.140000104904175
871,2.799999952316284
872,3.0299999713897705
873,3.2200000286102295
874,2.680000066757202
875,2.359999895095825
876,2.7100000381469727
877,2.5999999046325684
878,2.619999885559082
879,2.799999952316284
880,2.6700000762939453
881,2.440000057220459
882,2.5299999713897705
883,2.5999999046325684
884,2.8299999237060547
885,2.9700000286102295
886,3.140000104904175
887,3.0399999618530273
888,3.0999999046325684
889,3.4600000381469727
890,3.619999885559082
891,3.369999885559082
892,3.700000047683716
893,3.809999942779541
894,3.9700000286102295
895,3.5799999237060547
896,4.179999828338623
897,4.360000133514404
898,4.800000190734863
899,4.840000152587891
900,4.0
901,3.8399999141693115
902,3.990000009536743
903,3.7899999618530273
904,4.010000228881836
905,4.579999923706055
906,4.949999809265137
907,5.0
908,3.9700000286102295
909,3.690000057220459
910,3.75
911,3.4100000858306885
912,2.9800000190734863
913,3.1600000858306885
914,3.0399999618530273
915,3.1600000858306885
916,3.0999999046325684
917,3.0
918,2.990000009536743
919,2.890000104904175
920,2.890000104904175
921,2.5899999141693115
922,2.559999942779541
923,2.5799999237060547
924,2.950000047683716
925,3.0799999237060547
926,2.950000047683716
927,2.859999895095825
928,2.9100000858306885
929,2.7300000190734863
930,2.75
931,2.630000114440918
932,2.6700000762939453
933,2.7100000381469727
934,2.609999895095825
935,2.6500000953674316
936,2.700000047683716
937,2.630000114440918
938,2.569999933242798
939,2.4700000286102295
940,2.1700000762939453
941,2.1500000953674316
942,2.369999885559082
943,2.3499999046325684
944,2.259999990463257
945,2.430000066757202
946,2.4100000858306885
947,2.4600000381469727
948,2.369999885559082
949,2.2200000286102295
950,2.140000104904175
951,2.1600000858306885
952,2.059999942779541
953,2.109999895095825
954,2.0399999618530273
955,2.0999999046325684
956,2.0799999237060547
957,2.0399999618530273
958,2.130000114440918
959,2.0799999237060547
960,2.049999952316284
961,2.299999952316284
962,2.7899999618530273
963,2.799999952316284
964,2.9000000953674316
965,3.0199999809265137
966,3.0399999618530273
967,2.930000066757202
968,2.740000009536743
969,3.009999990463257
970,3.259999990463257
971,3.059999942779541
972,3.2100000381469727
973,3.069999933242798
974,2.9100000858306885
975,3.0399999618530273
976,3.130000114440918
977,3.0799999237060547
978,2.9100000858306885
979,2.930000066757202
980,2.890000104904175
981,3.009999990463257
982,3.1500000953674316
983,3.190000057220459
984,3.450000047683716
985,3.759999990463257
986,3.6500000953674316
987,3.569999933242798
988,3.4000000953674316
989,3.0
990,3.130000114440918
991,3.259999990463257
992,3.380000114440918
993,3.4200000762939453
994,3.5799999237060547
995,4.019999980926514
996,4.03000020980835
997,4.130000114440918
998,4.400000095367432
999,4.380000114440918
1000,5.130000114440918
1001,4.980000019073486
1002,5.429999828338623
1003,5.230000019073486
1004,4.519999980926514
1005,4.909999847412109
1006,4.960000038146973
1007,4.940000057220459
1008,4.869999885559082
1009,4.699999809265137
1010,4.260000228881836
1011,4.309999942779541
1012,4.349999904632568
1013,4.380000114440918
1014,4.25
1015,4.369999885559082
1016,4.46999979019165
1017,4.510000228881836
1018,4.440000057220459
1019,4.480000019073486
1020,4.519999980926514
1021,4.289999961853027
1022,4.179999828338623
1023,4.349999904632568
1024,3.869999885559082
1025,3.859999895095825
1026,3.690000057220459
1027,3.369999885559082
1028,3.140000104904175
1029,3.130000114440918
1030,3.2100000381469727
1031,3.059999942779541
1032,2.9100000858306885
1033,2.930000066757202
1034,2.9200000762939453
1035,2.950000047683716
1036,3.190000057220459
1037,3.200000047683716
1038,3.059999942779541
1039,3.2300000190734863
1040,3.1500000953674316
1041,3.2200000286102295
1042,3.380000114440918
1043,3.3499999046325684
1044,3.2699999809265137
1045,3.119999885559082
1046,3.0999999046325684
1047,3.0999999046325684
1048,3.299999952316284
1049,3.5299999713897705
1050,3.4700000286102295
1051,3.690000057220459
1052,3.690000057220459
1053,3.9700000286102295
1054,4.059999942779541
1055,4.429999828338623
1056,4.650000095367432
1057,4.5
1058,4.429999828338623
1059,4.369999885559082
1060,4.829999923706055
1061,4.75
1062,4.53000020980835
1063,4.78000020980835
1064,4.619999885559082
1065,4.53000020980835
1066,4.599999904632568
1067,5.130000114440918
1068,5.170000076293945
1069,5.380000114440918
1070,5.019999980926514
1071,4.849999904632568
1072,4.869999885559082
1073,4.840000152587891
1074,4.769999980926514
1075,5.309999942779541
1076,5.090000152587891
1077,5.239999771118164
1078,5.139999866485596
1079,5.039999961853027
1080,5.079999923706055
1081,5.480000019073486
1082,5.590000152587891
1083,5.5
1084,5.639999866485596
1085,5.739999771118164
1086,5.460000038146973
1087,5.239999771118164
1088,5.21999979019165
1089,5.050000190734863
1090,4.860000133514404
1091,5.139999866485596
1092,5.309999942779541
1093,5.599999904632568
1094,5.960000038146973
1095,5.659999847412109
1096,5.489999771118164
1097,5.889999866485596
1098,5.929999828338623
1099,6.440000057220459
1100,6.309999942779541
1101,6.320000171661377
1102,6.809999942779541
1103,6.880000114440918
1104,6.800000190734863
1105,6.730000019073486
1106,6.929999828338623
1107,7.019999980926514
1108,7.090000152587891
1109,7.170000076293945
1110,7.079999923706055
1111,7.329999923706055
1112,7.690000057220459
1113,7.679999828338623
1114,7.46999979019165
1115,7.320000171661377
1116,7.429999828338623
1117,7.320000171661377
1118,7.710000038146973
1119,7.940000057220459
1120,7.840000152587891
1121,7.949999809265137
1122,7.900000095367432
1123,7.769999980926514
1124,7.590000152587891
1125,7.5
1126,7.099999904632568
1127,7.269999980926514
1128,7.389999866485596
1129,7.409999847412109
1130,7.369999885559082
1131,7.300000190734863
1132,7.320000171661377
1133,7.21999979019165
1134,7.349999904632568
1135,7.400000095367432
1136,7.130000114440918
1137,7.079999923706055
1138,6.820000171661377
1139,7.550000190734863
1140,7.320000171661377
1141,7.619999885559082
1142,7.489999771118164
1143,7.420000076293945
1144,7.409999847412109
1145,7.150000095367432
1146,6.889999866485596
1147,7.139999866485596
1148,6.760000228881836
1149,6.46999979019165
1150,6.630000114440918
1151,6.480000019073486
1152,6.329999923706055
1153,7.320000171661377
1154,7.329999923706055
1155,7.070000171661377
1156,7.389999866485596
1157,6.860000133514404
1158,6.929999828338623
1159,6.389999866485596
1160,6.380000114440918
1161,6.949999809265137
1162,6.829999923706055
1163,7.300000190734863
1164,7.239999771118164
1165,7.090000152587891
1166,7.179999828338623
1167,7.0
1168,7.400000095367432
1169,6.840000152587891
1170,7.210000038146973
1171,7.039999961853027
1172,7.809999942779541
1173,8.449999809265137
1174,8.739999771118164
1175,8.829999923706055
1176,8.640000343322754
1177,9.4399995803833
1178,9.210000038146973
1179,8.59000015258789
1180,8.350000381469727
1181,8.579999923706055
1182,8.529999732971191
1183,9.15999984741211
1184,9.930000305175781
1185,9.65999984741211
1186,10.460000038146973
1187,10.569999694824219
1188,10.739999771118164
1189,10.4399995803833
1190,10.0
1191,9.470000267028809
1192,9.579999923706055
1193,9.569999694824219
1194,9.15999984741211
1195,9.079999923706055
1196,8.539999961853027
1197,8.609999656677246
1198,8.649999618530273
1199,8.1899995803833
1200,8.079999923706055
1201,9.319999694824219
1202,9.539999961853027
1203,9.539999961853027
1204,9.199999809265137
1205,9.329999923706055
1206,9.279999732971191
1207,9.109999656677246
1208,8.949999809265137
1209,8.619999885559082
1210,8.920000076293945
1211,9.210000038146973
1212,9.850000381469727
1213,10.350000381469727
1214,10.90999984741211
1215,10.539999961853027
1216,10.619999885559082
1217,10.65999984741211
1218,10.850000381469727
1219,10.640000343322754
1220,10.65999984741211
1221,10.029999732971191
1222,9.640000343322754
1223,9.489999771118164
1224,9.729999542236328
1225,9.720000267028809
1226,9.130000114440918
1227,9.229999542236328
1228,9.140000343322754
1229,9.210000038146973
1230,9.5
1231,9.609999656677246
1232,9.1899995803833
1233,9.100000381469727
1234,8.890000343322754
1235,8.75
1236,8.779999732971191
1237,8.640000343322754
1238,9.149999618530273
1239,8.869999885559082
1240,9.039999961853027
1241,9.5600004196167
1242,9.649999618530273
1243,9.970000267028809
1244,9.539999961853027
1245,9.489999771118164
1246,9.109999656677246
1247,8.789999961853027
1248,8.600000381469727
1249,8.779999732971191
1250,8.90999984741211
1251,9.119999885559082
1252,9.079999923706055
1253,9.210000038146973
1254,9.539999961853027
1255,8.960000038146973
1256,8.829999923706055
1257,8.989999771118164
1258,9.289999961853027
1259,9.239999771118164
1260,9.0600004196167
1261,9.25
1262,9.289999961853027
1263,9.119999885559082
1264,9.229999542236328
1265,9.229999542236328
1266,9.239999771118164
1267,9.069999694824219
1268,9.0
1269,9.550000190734863
1270,9.800000190734863
1271,9.779999732971191
1272,9.699999809265137
1273,10.119999885559082
1274,10.09000015258789
1275,10.84000015258789
1276,10.75
1277,10.8100004196167
1278,11.579999923706055
1279,11.729999542236328
1280,12.0
1281,11.880000114440918
1282,11.789999961853027
1283,11.65999984741211
1284,11.920000076293945
1285,12.069999694824219
1286,11.5600004196167
1287,11.569999694824219
1288,11.229999542236328
1289,10.989999771118164
1290,10.779999732971191
1291,10.819999694824219
1292,10.630000114440918
1293,10.710000038146973
1294,10.6899995803833
1295,10.699999809265137
1296,11.020000457763672
1297,11.079999923706055
1298,11.180000305175781
1299,11.100000381469727
1300,11.739999771118164
1301,11.699999809265137
1302,11.279999732971191
1303,11.15999984741211
1304,11.260000228881836
1305,11.109999656677246
1306,11.039999961853027
1307,11.149999618530273
1308,10.550000190734863
1309,10.970000267028809
1310,10.90999984741211
1311,10.930000305175781
1312,10.510000228881836
1313,10.529999732971191
1314,10.140000343322754
1315,10.130000114440918
1316,10.0600004196167
1317,10.180000305175781
1318,10.520000457763672
1319,10.319999694824219
1320,9.90999984741211
1321,9.869999885559082
1322,9.890000343322754
1323,10.140000343322754
1324,10.130000114440918
1325,10.010000228881836
1326,10.649999618530273
1327,10.619999885559082
1328,11.100000381469727
1329,11.239999771118164
1330,11.399999618530273
1331,11.470000267028809
1332,10.970000267028809
1333,10.880000114440918
1334,10.890000343322754
1335,10.789999961853027
1336,10.119999885559082
1337,10.029999732971191
1338,10.25
1339,9.829999923706055
1340,10.100000381469727
1341,10.130000114440918
1342,10.800000190734863
1343,11.050000190734863
1344,10.15999984741211
1345,9.920000076293945
1346,9.90999984741211
1347,9.520000457763672
1348,9.59000015258789
1349,9.239999771118164
1350,9.720000267028809
1351,9.880000114440918
1352,9.880000114440918
1353,9.850000381469727
1354,10.130000114440918
1355,9.970000267028809
1356,10.079999923706055
1357,10.100000381469727
1358,9.920000076293945
1359,9.720000267028809
1360,9.170000076293945
1361,8.489999771118164
1362,8.430000305175781
1363,8.569999694824219
1364,8.609999656677246
1365,7.949999809265137
1366,7.96999979019165
1367,8.359999656677246
1368,8.279999732971191
1369,8.300000190734863
1370,9.279999732971191
1371,8.930000305175781
1372,9.09000015258789
1373,9.180000305175781
1374,8.869999885559082
1375,8.920000076293945
1376,8.550000190734863
1377,8.489999771118164
1378,8.960000038146973
1379,9.170000076293945
1380,8.899999618530273
1381,8.729999542236328
1382,8.859999656677246
1383,9.020000457763672
1384,9.020000457763672
1385,8.869999885559082
1386,8.970000267028809
1387,8.710000038146973
1388,8.779999732971191
1389,8.739999771118164
1390,8.449999809265137
1391,8.399999618530273
1392,8.239999771118164
1393,7.940000057220459
1394,8.239999771118164
1395,8.449999809265137
1396,8.260000228881836
1397,8.0600004196167
1398,8.09000015258789
1399,8.329999923706055
1400,8.25
1401,8.140000343322754
1402,8.130000114440918
1403,8.279999732971191
1404,8.800000190734863
1405,8.75
1406,8.770000457763672
1407,9.09000015258789
1408,9.0600004196167
1409,9.220000267028809
1410,9.300000190734863
1411,9.819999694824219
1412,9.6899995803833
1413,9.319999694824219
1414,9.5
1415,9.989999771118164
1416,9.619999885559082
1417,9.40999984741211
1418,9.9399995803833
1419,9.800000190734863
1420,9.670000076293945
1421,10.319999694824219
1422,10.170000076293945
1423,10.0
1424,9.739999771118164
1425,9.270000457763672
1426,9.25
1427,9.119999885559082
1428,9.100000381469727
1429,9.039999961853027
1430,9.109999656677246
1431,8.890000343322754
1432,8.550000190734863
1433,8.5600004196167
1434,8.260000228881836
1435,8.039999961853027
1436,8.100000381469727
1437,8.210000038146973
1438,8.170000076293945
1439,8.229999542236328
1440,8.229999542236328
1441,8.399999618530273
1442,8.600000381469727
1443,8.649999618530273
1444,8.479999542236328
1445,8.90999984741211
1446,8.6899995803833
1447,9.149999618530273
1448,9.130000114440918
1449,8.850000381469727
1450,8.90999984741211
1451,8.9399995803833
1452,8.449999809265137
1453,8.34000015258789
1454,8.390000343322754
1455,8.210000038146973
1456,8.0600004196167
1457,7.949999809265137
1458,7.900000095367432
1459,7.639999866485596
1460,7.440000057220459
1461,7.03000020980835
1462,7.010000228881836
1463,6.900000095367432
1464,6.900000095367432
1465,6.800000190734863
1466,6.5
1467,6.389999866485596
1468,6.179999828338623
1469,5.980000019073486
1470,6.239999771118164
1471,5.960000038146973
1472,5.519999980926514
1473,5.900000095367432
1474,5.630000114440918
1475,5.519999980926514
1476,4.96999979019165
1477,5.789999961853027
1478,5.320000171661377
1479,5.480000019073486
1480,5.53000020980835
1481,5.880000114440918
1482,5.96999979019165
1483,5.690000057220459
1484,5.349999904632568
1485,5.139999866485596
1486,5.110000133514404
1487,5.329999923706055
1488,5.300000190734863
1489,5.079999923706055
1490,5.260000228881836
1491,5.550000190734863
1492,5.519999980926514
1493,5.590000152587891
1494,5.289999961853027
1495,5.21999979019165
1496,5.039999961853027
1497,5.210000038146973
1498,5.139999866485596
1499,5.019999980926514
1500,4.849999904632568
1501,5.639999866485596
1502,5.739999771118164
1503,5.860000133514404
1504,5.909999847412109
1505,5.800000190734863
1506,5.96999979019165
1507,5.849999904632568
1508,5.730000019073486
1509,6.130000114440918
1510,6.429999828338623
1511,6.110000133514404
1512,6.119999885559082
1513,6.099999904632568
1514,5.5
1515,4.630000114440918
1516,5.0
1517,5.170000076293945
1518,5.349999904632568
1519,5.210000038146973
1520,5.329999923706055
1521,5.840000152587891
1522,6.230000019073486
1523,6.300000190734863
1524,6.039999961853027
1525,5.849999904632568
1526,6.019999980926514
1527,5.760000228881836
1528,6.010000228881836
1529,5.869999885559082
1530,5.949999809265137
1531,5.599999904632568
1532,5.659999847412109
1533,5.829999923706055
1534,5.940000057220459
1535,5.769999980926514
1536,5.5
1537,5.28000020980835
1538,5.610000133514404
1539,5.5
1540,5.389999866485596
1541,5.210000038146973
1542,5.050000190734863
1543,4.849999904632568
1544,5.010000228881836
1545,4.980000019073486
1546,4.78000020980835
1547,4.5
1548,4.400000095367432
1549,4.420000076293945
1550,4.25
1551,4.050000190734863
1552,4.0
1553,4.019999980926514
1554,4.269999980926514
1555,4.460000038146973
1556,4.71999979019165
1557,4.940000057220459
1558,4.840000152587891
1559,5.119999885559082
1560,5.25
1561,5.590000152587891
1562,5.340000152587891
1563,5.619999885559082
1564,5.630000114440918
1565,5.190000057220459
1566,5.590000152587891
1567,5.710000038146973
1568,6.179999828338623
1569,5.829999923706055
1570,5.940000057220459
1571,5.769999980926514
1572,5.699999809265137
1573,5.619999885559082
1574,5.400000095367432
1575,5.190000057220459
1576,5.230000019073486
1577,5.070000171661377
1578,5.119999885559082
1579,5.03000020980835
1580,5.46999979019165
1581,5.599999904632568
1582,5.71999979019165
1583,5.71999979019165
1584,5.909999847412109
1585,6.050000190734863
1586,5.96999979019165
1587,5.880000114440918
1588,6.039999961853027
1589,6.260000228881836
1590,6.369999885559082
1591,6.260000228881836
1592,6.409999847412109
1593,7.519999980926514
1594,7.849999904632568
1595,8.180000305175781
1596,8.520000457763672
1597,8.4399995803833
1598,8.899999618530273
1599,9.119999885559082
1600,9.640000343322754
1601,9.149999618530273
1602,9.239999771118164
1603,9.100000381469727
1604,8.960000038146973
1605,8.850000381469727
1606,9.180000305175781
1607,9.0
1608,8.890000343322754
1609,9.100000381469727
1610,8.899999618530273
1611,7.889999866485596
1612,7.699999809265137
1613,7.260000228881836
1614,6.989999771118164
1615,7.0
1616,7.409999847412109
1617,7.409999847412109
1618,7.409999847412109
1619,7.630000114440918
1620,6.989999771118164
1621,6.880000114440918
1622,6.909999847412109
1623,6.960000038146973
1624,7.03000020980835
1625,6.889999866485596
1626,6.960000038146973
1627,7.090000152587891
1628,7.579999923706055
1629,7.150000095367432
1630,7.190000057220459
1631,7.679999828338623
1632,7.630000114440918
1633,7.329999923706055
1634,7.550000190734863
1635,7.730000019073486
1636,7.559999942779541
1637,7.789999961853027
1638,7.889999866485596
1639,7.590000152587891
1640,7.46999979019165
1641,7.739999771118164
1642,7.860000133514404
1643,7.78000020980835
1644,7.75
1645,7.46999979019165
1646,7.619999885559082
1647,7.889999866485596
1648,7.840000152587891
1649,8.130000114440918
1650,8.180000305175781
1651,8.199999809265137
1652,9.510000228881836
1653,9.34000015258789
1654,9.029999732971191
1655,9.3100004196167
1656,9.600000381469727
1657,9.800000190734863
1658,10.3100004196167
1659,10.260000228881836
1660,10.15999984741211
1661,10.260000228881836
1662,10.710000038146973
1663,10.699999809265137
1664,11.100000381469727
1665,11.020000457763672
1666,10.789999961853027
1667,10.930000305175781
1668,11.319999694824219
1669,11.239999771118164
1670,11.130000114440918
1671,11.130000114440918
1672,10.1899995803833
1673,10.0600004196167
1674,10.710000038146973
1675,10.619999885559082
1676,11.0
1677,12.15999984741211
1678,12.300000190734863
1679,12.619999885559082
1680,12.6899995803833
1681,13.220000267028809
1682,12.640000343322754
1683,11.180000305175781
1684,11.619999885559082
1685,11.779999732971191
1686,11.279999732971191
1687,12.149999618530273
1688,11.359999656677246
1689,11.430000305175781
1690,11.970000267028809
1691,12.479999542236328
1692,12.029999732971191
1693,12.5
1694,12.699999809265137
1695,13.029999732971191
1696,13.470000267028809
1697,13.170000076293945
1698,12.649999618530273
1699,12.880000114440918
1700,13.3100004196167
1701,13.399999618530273
1702,13.329999923706055
1703,13.550000190734863
1704,13.210000038146973
1705,13.470000267028809
1706,13.869999885559082
1707,13.489999771118164
1708,13.90999984741211
1709,14.119999885559082
1710,13.970000267028809
1711,14.449999809265137
1712,14.09000015258789
1713,14.069999694824219
1714,13.420000076293945
1715,12.5
1716,12.010000228881836
1717,12.079999923706055
1718,11.59000015258789
1719,11.149999618530273
1720,11.1899995803833
1721,11.350000381469727
1722,11.289999961853027
1723,11.460000038146973
1724,10.829999923706055
1725,10.680000305175781
1726,10.890000343322754
1727,10.8100004196167
1728,9.9399995803833
1729,10.399999618530273
1730,10.050000190734863
1731,10.069999694824219
1732,10.119999885559082
1733,10.119999885559082
1734,10.149999618530273
1735,9.90999984741211
1736,10.079999923706055
1737,10.59000015258789
1738,11.420000076293945
1739,11.609999656677246
1740,11.039999961853027
1741,11.109999656677246
1742,11.039999961853027
1743,10.8100004196167
1744,10.449999809265137
1745,10.399999618530273
1746,10.65999984741211
1747,10.449999809265137
1748,11.220000267028809
1749,11.420000076293945
1750,12.140000343322754
1751,12.0
1752,11.619999885559082
1753,11.819999694824219
1754,11.25
1755,10.529999732971191
1756,10.5600004196167
1757,10.3100004196167
1758,10.970000267028809
1759,10.680000305175781
1760,10.670000076293945
1761,10.510000228881836
1762,10.279999732971191
1763,10.5
1764,10.359999656677246
1765,10.460000038146973
1766,10.75
1767,10.880000114440918
1768,11.779999732971191
1769,11.670000076293945
1770,11.65999984741211
1771,11.569999694824219
1772,11.300000190734863
1773,11.34000015258789
1774,11.170000076293945
1775,11.359999656677246
1776,11.420000076293945
1777,11.579999923706055
1778,11.619999885559082
1779,11.720000267028809
1780,11.470000267028809
1781,11.920000076293945
1782,12.09000015258789
1783,12.369999885559082
1784,11.970000267028809
1785,11.920000076293945
1786,12.180000305175781
1787,12.550000190734863
1788,12.529999732971191
1789,12.640000343322754
1790,12.670000076293945
1791,12.59000015258789
1792,13.020000457763672
1793,12.609999656677246
1794,12.289999961853027
1795,12.59000015258789
1796,12.010000228881836
1797,12.0600004196167
1798,11.760000228881836
1799,12.069999694824219
1800,12.489999771118164
1801,12.470000267028809
1802,12.5
1803,12.920000076293945
1804,12.720000267028809
1805,12.970000267028809
1806,13.0
1807,12.890000343322754
1808,12.65999984741211
1809,12.380000114440918
1810,12.109999656677246
1811,12.609999656677246
1812,12.770000457763672
1813,12.779999732971191
1814,12.880000114440918
1815,12.699999809265137
1816,12.970000267028809
1817,12.829999923706055
1818,12.789999961853027
1819,12.949999809265137
1820,13.479999542236328
1821,13.539999961853027
1822,13.4399995803833
1823,13.329999923706055
1824,13.229999542236328
1825,13.100000381469727
1826,12.789999961853027
1827,13.5
1828,13.979999542236328
1829,13.65999984741211
1830,14.729999542236328
1831,14.84000015258789
1832,15.15999984741211
1833,15.130000114440918
1834,15.140000343322754
1835,14.779999732971191
1836,14.670000076293945
1837,14.3100004196167
1838,14.630000114440918
1839,14.479999542236328
1840,14.4399995803833
1841,14.850000381469727
1842,15.069999694824219
1843,14.670000076293945
1844,14.970000267028809
1845,15.029999732971191
1846,14.420000076293945
1847,14.300000190734863
1848,14.279999732971191
1849,14.119999885559082
1850,13.989999771118164
1851,14.09000015258789
1852,14.5600004196167
1853,15.109999656677246
1854,14.75
1855,14.460000038146973
1856,14.270000457763672
1857,14.65999984741211
1858,13.989999771118164
1859,14.5
1860,14.260000228881836
1861,13.329999923706055
1862,13.369999885559082
1863,13.569999694824219
1864,13.020000457763672
1865,13.260000228881836
1866,13.40999984741211
1867,13.430000305175781
1868,13.609999656677246
1869,13.899999618530273
1870,14.050000190734863
1871,14.569999694824219
1872,14.819999694824219
1873,14.920000076293945
1874,15.130000114440918
1875,15.5
1876,15.90999984741211
1877,16.25
1878,15.979999542236328
1879,16.290000915527344
1880,16.780000686645508
1881,17.229999542236328
1882,17.0
1883,16.860000610351562
1884,16.600000381469727
1885,16.510000228881836
1886,16.649999618530273
1887,16.969999313354492
1888,16.670000076293945
1889,15.739999771118164
1890,15.529999732971191
1891,15.6899995803833
1892,15.720000267028809
1893,15.84000015258789
1894,15.699999809265137
1895,15.779999732971191
1896,16.190000534057617
1897,16.139999389648438
1898,15.59000015258789
1899,16.3700008392334
1900,16.520000457763672
1901,16.100000381469727
1902,16.020000457763672
1903,15.520000457763672
1904,16.299999237060547
1905,16.450000762939453
1906,16.219999313354492
1907,16.59000015258789
1908,16.809999465942383
1909,16.899999618530273
1910,16.600000381469727
1911,16.940000534057617
1912,17.020000457763672
1913,17.0
1914,16.979999542236328
1915,17.34000015258789
1916,17.3799991607666
1917,17.760000228881836
1918,17.719999313354492
1919,18.100000381469727
1920,18.809999465942383
1921,19.1200008392334
1922,19.010000228881836
1923,18.59000015258789
1924,17.950000762939453
1925,17.93000030517578
1926,18.190000534057617
1927,18.209999084472656
1928,18.1200008392334
1929,17.829999923706055
1930,17.670000076293945
1931,17.56999969482422
1932,17.729999542236328
1933,17.649999618530273
1934,16.950000762939453
1935,16.639999389648438
1936,17.020000457763672
1937,17.260000228881836
1938,16.920000076293945
1939,16.8799991607666
1940,17.010000228881836
1941,16.93000030517578
1942,16.950000762939453
1943,17.219999313354492
1944,17.059999465942383
1945,16.729999542236328
1946,16.34000015258789
1947,16.1299991607666
1948,16.459999084472656
1949,16.170000076293945
1950,16.309999465942383
1951,16.420000076293945
1952,16.799999237060547
1953,16.43000030517578
1954,16.75
1955,16.84000015258789
1956,16.940000534057617
1957,17.360000610351562
1958,17.170000076293945
1959,17.3700008392334
1960,17.559999465942383
1961,17.760000228881836
1962,17.950000762939453
1963,18.450000762939453
1964,18.420000076293945
1965,18.229999542236328
1966,18.149999618530273
1967,18.049999237060547
1968,18.5
1969,18.829999923706055
1970,19.09000015258789
1971,19.229999542236328
1972,19.200000762939453
1973,19.350000381469727
1974,19.3799991607666
1975,18.920000076293945
1976,19.170000076293945
1977,18.920000076293945
1978,18.8700008392334
1979,18.979999542236328
1980,18.600000381469727
1981,18.81999969482422
1982,16.360000610351562
1983,16.170000076293945
1984,15.720000267028809
1985,16.010000228881836
1986,15.640000343322754
1987,15.800000190734863
1988,15.8100004196167
1989,16.270000457763672
1990,16.15999984741211
1991,16.209999084472656
1992,15.470000267028809
1993,15.34000015258789
1994,15.960000038146973
1995,16.15999984741211
1996,16.389999389648438
1997,16.809999465942383
1998,16.989999771118164
1999,16.799999237060547
2000,17.469999313354492
2001,18.1200008392334
2002,17.719999313354492
2003,17.6299991607666
2004,17.8700008392334
2005,18.06999969482422
2006,18.719999313354492
2007,18.68000030517578
2008,18.969999313354492
2009,18.889999389648438
2010,18.860000610351562
2011,18.989999771118164
2012,19.18000030517578
2013,19.469999313354492
2014,19.079999923706055
2015,18.959999084472656
2016,19.690000534057617
2017,19.84000015258789
2018,20.479999542236328
2019,20.530000686645508
2020,20.389999389648438
2021,20.020000457763672
2022,20.059999465942383
2023,20.5
2024,20.719999313354492
2025,20.579999923706055
2026,20.5
2027,20.6200008392334
2028,21.0
2029,21.139999389648438
2030,21.219999313354492
2031,21.950000762939453
2032,21.399999618530273
2033,22.670000076293945
2034,22.149999618530273
2035,22.010000228881836
2036,22.3700008392334
2037,22.579999923706055
2038,21.969999313354492
2039,22.440000534057617
2040,22.709999084472656
2041,22.68000030517578
2042,22.399999618530273
2043,22.079999923706055
2044,23.209999084472656
2045,23.270000457763672
2046,23.520000457763672
2047,23.309999465942383
2048,23.65999984741211
2049,23.889999389648438
2050,24.399999618530273
2051,24.229999542236328
2052,24.059999465942383
2053,23.989999771118164
2054,24.270000457763672
2055,24.239999771118164
2056,23.809999465942383
2057,23.979999542236328
2058,23.479999542236328
2059,23.040000915527344
2060,22.389999389648438
2061,21.8700008392334
2062,22.350000381469727
2063,22.549999237060547
2064,24.600000381469727
2065,24.8799991607666
2066,25.989999771118164
2067,25.450000762939453
2068,26.229999542236328
2069,26.610000610351562
2070,26.100000381469727
2071,26.229999542236328
2072,26.1200008392334
2073,26.329999923706055
2074,26.18000030517578
2075,26.25
2076,26.1299991607666
2077,24.940000534057617
2078,24.780000686645508
2079,25.25
2080,25.360000610351562
2081,26.540000915527344
2082,27.030000686645508
2083,26.90999984741211
2084,27.6299991607666
2085,29.420000076293945
2086,29.350000381469727
2087,28.649999618530273
2088,28.8700008392334
2089,28.84000015258789
2090,29.34000015258789
2091,30.020000457763672
2092,30.65999984741211
2093,31.200000762939453
2094,31.350000381469727
2095,30.399999618530273
2096,30.18000030517578
2097,31.959999084472656
2098,32.97999954223633
2099,33.79999923706055
2100,33.54999923706055
2101,33.959999084472656
2102,34.04999923706055
2103,33.79999923706055
2104,34.65999984741211
2105,35.66999816894531
2106,35.58000183105469
2107,35.130001068115234
2108,34.689998626708984
2109,35.029998779296875
2110,34.40999984741211
2111,34.310001373291016
2112,34.59000015258789
2113,35.65999984741211
2114,36.16999816894531
2115,36.650001525878906
2116,37.0
2117,36.75
2118,36.560001373291016
2119,36.93000030517578
2120,36.099998474121094
2121,37.34000015258789
2122,37.86000061035156
2123,38.810001373291016
2124,39.02000045776367
2125,38.959999084472656
2126,38.08000183105469
2127,37.560001373291016
2128,36.7400016784668
2129,36.34000015258789
2130,37.70000076293945
2131,37.349998474121094
2132,37.08000183105469
2133,36.560001373291016
2134,36.11000061035156
2135,36.79999923706055
2136,37.900001525878906
2137,36.70000076293945
2138,35.77000045776367
2139,35.38999938964844
2140,36.599998474121094
2141,37.939998626708984
2142,37.709999084472656
2143,37.34000015258789
2144,36.560001373291016
2145,35.779998779296875
2146,35.97999954223633
2147,36.900001525878906
2148,35.290000915527344
2149,33.68000030517578
2150,33.369998931884766
2151,33.720001220703125
2152,35.5099983215332
2153,35.400001525878906
2154,35.66999816894531
2155,36.15999984741211
2156,37.09000015258789
2157,37.2599983215332
2158,36.0
2159,35.15999984741211
2160,35.5099983215332
2161,35.06999969482422
2162,36.38999938964844
2163,36.4900016784668
2164,36.599998474121094
2165,36.66999816894531
2166,37.220001220703125
2167,38.25
2168,38.2599983215332
2169,39.38999938964844
2170,39.310001373291016
2171,38.84000015258789
2172,38.189998626708984
2173,38.529998779296875
2174,38.56999969482422
2175,38.2400016784668
2176,38.31999969482422
2177,38.720001220703125
2178,39.11000061035156
2179,39.349998474121094
2180,39.79999923706055
2181,39.81999969482422
2182,40.15999984741211
2183,41.220001220703125
2184,41.439998626708984
2185,42.81999969482422
2186,42.40999984741211
2187,43.880001068115234
2188,43.59000015258789
2189,43.65999984741211
2190,42.290000915527344
2191,40.20000076293945
2192,40.380001068115234
2193,41.060001373291016
2194,41.869998931884766
2195,42.65999984741211
2196,43.060001373291016
2197,44.54999923706055
2198,44.36000061035156
2199,43.18000030517578
2200,43.90999984741211
2201,44.54999923706055
2202,44.0
2203,42.959999084472656
2204,43.86000061035156
2205,41.95000076293945
2206,41.619998931884766
2207,40.099998474121094
2208,40.2599983215332
2209,41.9900016784668
2210,42.81999969482422
2211,42.880001068115234
2212,42.97999954223633
2213,43.70000076293945
2214,43.47999954223633
2215,41.70000076293945
2216,42.91999816894531
2217,42.47999954223633
2218,42.380001068115234
2219,43.33000183105469
2220,42.15999984741211
2221,41.68000030517578
2222,40.290000915527344
2223,39.529998779296875
2224,39.54999923706055
2225,38.849998474121094
2226,39.43000030517578
2227,38.13999938964844
2228,37.18000030517578
2229,37.459999084472656
2230,36.86000061035156
2231,37.18000030517578
2232,37.970001220703125
2233,37.52000045776367
2234,38.119998931884766
2235,39.56999969482422
2236,39.189998626708984
2237,40.65999984741211
2238,40.43000030517578
2239,40.599998474121094
2240,39.5099983215332
2241,39.849998474121094
2242,39.41999816894531
2243,39.09000015258789
2244,38.9900016784668
2245,39.16999816894531
2246,38.880001068115234
2247,40.5
2248,39.13999938964844
2249,38.470001220703125
2250,37.849998474121094
2251,38.22999954223633
2252,37.959999084472656
2253,38.58000183105469
2254,38.09000015258789
2255,37.650001525878906
2256,37.06999969482422
2257,37.97999954223633
2258,37.459999084472656
2259,38.04999923706055
2260,36.630001068115234
2261,35.58000183105469
2262,35.33000183105469
2263,36.119998931884766
2264,35.209999084472656
2265,35.93000030517578
2266,35.029998779296875
2267,35.47999954223633
2268,34.38999938964844
2269,33.93000030517578
2270,36.22999954223633
2271,34.93000030517578
2272,34.09000015258789
2273,33.0
2274,31.979999542236328
2275,30.780000686645508
2276,28.579999923706055
2277,31.510000228881836
2278,31.690000534057617
2279,32.970001220703125
2280,33.380001068115234
2281,35.220001220703125
2282,37.849998474121094
2283,37.040000915527344
2284,38.47999954223633
2285,39.81999969482422
2286,39.90999984741211
2287,40.2400016784668
2288,39.939998626708984
2289,40.29999923706055
2290,41.349998474121094
2291,42.0
2292,42.70000076293945
2293,42.25
2294,43.13999938964844
2295,43.20000076293945
2296,43.83000183105469
2297,43.439998626708984
2298,43.43000030517578
2299,44.119998931884766
2300,44.0099983215332
2301,43.689998626708984
2302,45.04999923706055
2303,44.099998474121094
2304,44.15999984741211
2305,43.310001373291016
2306,43.209999084472656
2307,44.150001525878906
2308,44.970001220703125
2309,48.529998779296875
2310,47.880001068115234
2311,47.86000061035156
2312,48.2400016784668
2313,49.650001525878906
2314,51.0099983215332
2315,50.81999969482422
2316,48.310001373291016
2317,48.939998626708984
2318,50.529998779296875
2319,49.970001220703125
2320,50.84000015258789
2321,47.959999084472656
2322,48.79999923706055
2323,50.13999938964844
2324,50.709999084472656
2325,50.84000015258789
2326,50.209999084472656
2327,51.43000030517578
2328,51.959999084472656
2329,52.849998474121094
2330,53.41999816894531
2331,53.630001068115234
2332,53.90999984741211
2333,53.880001068115234
2334,53.040000915527344
2335,53.0099983215332
2336,53.65999984741211
2337,52.02000045776367
2338,49.58000183105469
2339,50.400001525878906
2340,49.40999984741211
2341,49.40999984741211
2342,49.810001373291016
2343,52.75
2344,53.66999816894531
2345,55.59000015258789
2346,55.689998626708984
2347,55.45000076293945
2348,52.70000076293945
2349,50.619998931884766
2350,52.2400016784668
2351,49.08000183105469
2352,48.720001220703125
2353,47.5
2354,49.459999084472656
2355,48.810001373291016
2356,48.150001525878906
2357,46.529998779296875
2358,48.04999923706055
2359,47.59000015258789
2360,47.880001068115234
2361,48.38999938964844
2362,48.0099983215332
2363,49.310001373291016
2364,49.779998779296875
2365,51.02000045776367
2366,51.310001373291016
2367,51.52000045776367
2368,49.72999954223633
2369,49.349998474121094
2370,47.900001525878906
2371,48.310001373291016
2372,48.77000045776367
2373,48.95000076293945
2374,48.400001525878906
2375,48.0
2376,47.91999816894531
2377,46.7400016784668
2378,47.38999938964844
2379,48.68000030517578
2380,49.220001220703125
2381,50.220001220703125
2382,53.689998626708984
2383,54.130001068115234
2384,55.189998626708984
2385,55.7599983215332
2386,54.400001525878906
2387,53.93000030517578
2388,52.0099983215332
2389,51.27000045776367
2390,52.65999984741211
2391,53.63999938964844
2392,52.779998779296875
2393,50.439998626708984
2394,49.18000030517578
2395,48.08000183105469
2396,47.5
2397,48.7400016784668
2398,47.84000015258789
2399,47.72999954223633
2400,47.790000915527344
2401,47.41999816894531
2402,47.75
2403,48.2400016784668
2404,48.189998626708984
2405,49.7599983215332
2406,51.36000061035156
2407,51.400001525878906
2408,51.45000076293945
2409,52.709999084472656
2410,51.869998931884766
2411,51.189998626708984
2412,48.880001068115234
2413,48.290000915527344
2414,49.38999938964844
2415,48.95000076293945
2416,47.0099983215332
2417,47.04999923706055
2418,49.060001373291016
2419,49.040000915527344
2420,49.650001525878906
2421,48.849998474121094
2422,48.4900016784668
2423,48.81999969482422
2424,48.66999816894531
2425,49.0
2426,47.849998474121094
2427,43.060001373291016
2428,42.470001220703125
2429,42.61000061035156
2430,41.560001373291016
2431,42.2400016784668
2432,41.970001220703125
2433,42.369998931884766
2434,44.18000030517578
2435,43.779998779296875
2436,43.130001068115234
2437,42.16999816894531
2438,41.720001220703125
2439,39.86000061035156
2440,40.33000183105469
2441,40.43000030517578
2442,40.02000045776367
2443,40.709999084472656
2444,40.06999969482422
2445,39.47999954223633
2446,39.880001068115234
2447,39.97999954223633
2448,41.560001373291016
2449,43.029998779296875
2450,42.72999954223633
2451,42.2400016784668
2452,42.2400016784668
2453,41.439998626708984
2454,39.75
2455,39.939998626708984
2456,38.79999923706055
2457,39.029998779296875
2458,39.72999954223633
2459,40.66999816894531
2460,39.310001373291016
2461,39.66999816894531
2462,41.209999084472656
2463,42.41999816894531
2464,42.060001373291016
2465,41.540000915527344
2466,41.38999938964844
2467,41.400001525878906
2468,40.54999923706055
2469,40.900001525878906
2470,41.43000030517578
2471,42.61000061035156
2472,39.630001068115234
2473,40.13999938964844
2474,41.16999816894531
2475,40.72999954223633
2476,40.27000045776367
2477,40.099998474121094
2478,41.709999084472656
2479,42.7400016784668
2480,42.959999084472656
2481,42.18000030517578
2482,41.4900016784668
2483,41.68000030517578
2484,42.70000076293945
2485,42.52000045776367
2486,42.66999816894531
2487,42.880001068115234
2488,43.95000076293945
2489,43.630001068115234
2490,43.529998779296875
2491,41.97999954223633
2492,39.75
2493,37.619998931884766
2494,37.5
2495,38.849998474121094
2496,39.029998779296875
2497,38.619998931884766
2498,38.97999954223633
2499,39.20000076293945
2500,41.5099983215332
2501,40.88999938964844
2502,40.599998474121094
2503,40.79999923706055
2504,41.0
2505,41.209999084472656
2506,42.150001525878906
2507,42.290000915527344
2508,42.63999938964844
2509,43.060001373291016
2510,43.9900016784668
2511,43.4900016784668
2512,43.22999954223633
2513,41.189998626708984
2514,41.2400016784668
2515,40.25
2516,40.2400016784668
2517,39.08000183105469
2518,39.18000030517578
2519,38.83000183105469
2520,39.20000076293945
2521,38.630001068115234
2522,40.189998626708984
2523,38.130001068115234
2524,39.310001373291016
2525,39.7400016784668
2526,42.41999816894531
2527,43.84000015258789
2528,43.40999984741211
2529,43.79999923706055
2530,44.459999084472656
2531,43.709999084472656
2532,44.45000076293945
2533,44.790000915527344
2534,44.310001373291016
2535,45.9900016784668
2536,45.66999816894531
2537,46.470001220703125
2538,46.459999084472656
2539,45.86000061035156
2540,45.86000061035156
2541,46.220001220703125
2542,46.470001220703125
2543,46.5
2544,45.630001068115234
2545,45.599998474121094
2546,45.34000015258789
2547,44.650001525878906
2548,44.4900016784668
2549,44.38999938964844
2550,43.900001525878906
2551,43.45000076293945
2552,42.83000183105469
2553,42.29999923706055
2554,41.75
2555,42.29999923706055
2556,42.20000076293945
2557,42.29999923706055
2558,41.22999954223633
2559,41.310001373291016
2560,41.689998626708984
2561,41.2599983215332
2562,43.2599983215332
2563,43.81999969482422
2564,43.27000045776367
2565,44.970001220703125
2566,45.779998779296875
2567,44.54999923706055
2568,43.650001525878906
2569,44.09000015258789
2570,42.09000015258789
2571,41.77000045776367
2572,42.599998474121094
2573,43.20000076293945
2574,42.459999084472656
2575,41.09000015258789
2576,42.400001525878906
2577,42.900001525878906
2578,43.290000915527344
2579,43.810001373291016
2580,43.22999954223633
2581,43.5
2582,42.79999923706055
2583,42.349998474121094
2584,40.90999984741211
2585,40.52000045776367
2586,41.22999954223633
2587,40.45000076293945
2588,40.369998931884766
2589,41.08000183105469
2590,42.0
2591,40.099998474121094
2592,40.54999923706055
2593,38.7599983215332
2594,38.86000061035156
2595,39.060001373291016
2596,39.790000915527344
2597,40.15999984741211
2598,38.880001068115234
2599,39.63999938964844
2600,39.689998626708984
2601,38.13999938964844
2602,38.9900016784668
2603,39.380001068115234
2604,37.029998779296875
2605,37.5099983215332
2606,38.209999084472656
2607,36.75
2608,35.54999923706055
2609,36.189998626708984
2610,37.119998931884766
2611,36.4900016784668
2612,37.81999969482422
2613,38.61000061035156
2614,39.34000015258789
2615,39.540000915527344
2616,39.7599983215332
2617,40.84000015258789
2618,40.380001068115234
2619,40.65999984741211
2620,41.36000061035156
2621,40.869998931884766
2622,41.0
2623,41.83000183105469
2624,41.59000015258789
2625,41.880001068115234
2626,41.630001068115234
2627,42.130001068115234
2628,40.77000045776367
2629,41.650001525878906
2630,41.630001068115234
2631,42.470001220703125
2632,42.59000015258789
2633,42.11000061035156
2634,42.310001373291016
2635,42.099998474121094
2636,43.439998626708984
2637,43.470001220703125
2638,42.7599983215332
2639,41.91999816894531
2640,40.5
2641,40.90999984741211
2642,41.349998474121094
2643,41.380001068115234
2644,41.0099983215332
2645,39.52000045776367
2646,39.369998931884766
2647,38.93000030517578
2648,38.900001525878906
2649,38.36000061035156
2650,38.5
2651,38.72999954223633
2652,39.189998626708984
2653,39.939998626708984
2654,41.16999816894531
2655,40.90999984741211
2656,40.91999816894531
2657,41.34000015258789
2658,41.2599983215332
2659,40.0099983215332
2660,38.209999084472656
2661,37.0
2662,36.91999816894531
2663,36.709999084472656
2664,35.970001220703125
2665,34.689998626708984
2666,34.43000030517578
2667,34.58000183105469
2668,33.209999084472656
2669,32.810001373291016
2670,33.029998779296875
2671,32.939998626708984
2672,33.77000045776367
2673,32.86000061035156
2674,31.329999923706055
2675,31.510000228881836
2676,32.119998931884766
2677,32.63999938964844
2678,32.61000061035156
2679,32.150001525878906
2680,32.0099983215332
2681,31.729999542236328
2682,32.150001525878906
2683,32.16999816894531
2684,31.510000228881836
2685,31.649999618530273
2686,31.90999984741211
2687,31.950000762939453
2688,31.670000076293945
2689,30.809999465942383
2690,31.260000228881836
2691,32.36000061035156
2692,32.5099983215332
2693,33.400001525878906
2694,33.13999938964844
2695,31.799999237060547
2696,30.360000610351562
2697,30.489999771118164
2698,29.139999389648438
2699,29.34000015258789
2700,29.709999084472656
2701,30.020000457763672
2702,29.889999389648438
2703,30.329999923706055
2704,27.049999237060547
2705,25.270000457763672
2706,26.770000457763672
2707,27.700000762939453
2708,28.309999465942383
2709,29.329999923706055
2710,28.93000030517578
2711,28.350000381469727
2712,29.399999618530273
2713,30.040000915527344
2714,31.15999984741211
2715,34.65999984741211
2716,34.45000076293945
2717,35.880001068115234
2718,35.88999938964844
2719,36.029998779296875
2720,36.0099983215332
2721,35.91999816894531
2722,34.959999084472656
2723,36.36000061035156
2724,35.79999923706055
2725,36.54999923706055
2726,36.20000076293945
2727,36.34000015258789
2728,35.5
2729,35.599998474121094
2730,33.5099983215332
2731,33.47999954223633
2732,33.58000183105469
2733,34.439998626708984
2734,34.349998474121094
2735,34.59000015258789
2736,34.18000030517578
2737,34.959999084472656
2738,34.91999816894531
2739,35.869998931884766
2740,36.75
2741,36.599998474121094
2742,36.66999816894531
2743,36.4900016784668
2744,36.0
2745,36.400001525878906
2746,36.650001525878906
2747,36.720001220703125
2748,36.22999954223633
2749,36.16999816894531
2750,37.04999923706055
2751,36.29999923706055
2752,36.2400016784668
2753,36.529998779296875
2754,36.959999084472656
2755,38.75
2756,39.349998474121094
2757,38.4900016784668
2758,38.34000015258789
2759,37.369998931884766
2760,36.38999938964844
2761,36.40999984741211
2762,35.4900016784668
2763,35.439998626708984
2764,35.150001525878906
2765,34.66999816894531
2766,35.25
2767,35.54999923706055
2768,34.93000030517578
2769,36.0
2770,35.84000015258789
2771,35.81999969482422
2772,36.61000061035156
2773,37.70000076293945
2774,37.630001068115234
2775,37.869998931884766
2776,38.16999816894531
2777,37.72999954223633
2778,38.88999938964844
2779,38.20000076293945
2780,37.380001068115234
2781,39.2400016784668
2782,38.650001525878906
2783,38.58000183105469
2784,39.349998474121094
2785,40.630001068115234
2786,40.59000015258789
2787,39.900001525878906
2788,39.83000183105469
2789,39.689998626708984
2790,39.31999969482422
2791,39.90999984741211
2792,40.060001373291016
2793,40.599998474121094
2794,39.79999923706055
2795,39.709999084472656
2796,39.380001068115234
2797,39.7400016784668
2798,41.4900016784668
2799,41.70000076293945
2800,42.40999984741211
2801,42.29999923706055
2802,42.93000030517578
2803,43.400001525878906
2804,44.7599983215332
2805,44.45000076293945
2806,45.83000183105469
2807,46.2599983215332
2808,46.08000183105469
2809,46.08000183105469
2810,46.34000015258789
2811,46.81999969482422
2812,46.5
2813,46.88999938964844
2814,46.439998626708984
2815,45.75
2816,46.099998474121094
2817,45.720001220703125
2818,46.43000030517578
2819,48.650001525878906
2820,48.04999923706055
2821,49.63999938964844
2822,47.59000015258789
2823,47.84000015258789
2824,47.91999816894531
2825,48.29999923706055
2826,47.630001068115234
2827,48.58000183105469
2828,49.220001220703125
2829,49.470001220703125
2830,48.689998626708984
2831,48.47999954223633
2832,48.61000061035156
2833,47.66999816894531
2834,47.25
2835,46.689998626708984
2836,46.29999923706055
2837,46.70000076293945
2838,45.88999938964844
2839,46.209999084472656
2840,47.08000183105469
2841,48.47999954223633
2842,48.63999938964844
2843,48.099998474121094
2844,47.650001525878906
2845,46.75
2846,47.63999938964844
2847,47.2599983215332
2848,48.0
2849,46.939998626708984
2850,47.540000915527344
2851,47.90999984741211
2852,49.59000015258789
2853,46.95000076293945
2854,44.900001525878906
2855,44.25
2856,44.04999923706055
2857,44.0099983215332
2858,44.20000076293945
2859,45.29999923706055
2860,45.16999816894531
2861,45.060001373291016
2862,46.29999923706055
2863,46.45000076293945
2864,47.40999984741211
2865,46.56999969482422
2866,47.540000915527344
2867,46.970001220703125
2868,46.90999984741211
2869,46.810001373291016
2870,46.31999969482422
2871,46.099998474121094
2872,46.279998779296875
2873,46.31999969482422
2874,46.36000061035156
2875,47.09000015258789
2876,45.720001220703125
2877,46.81999969482422
2878,45.310001373291016
2879,44.84000015258789
2880,44.88999938964844
2881,43.33000183105469
2882,43.900001525878906
2883,42.369998931884766
2884,41.209999084472656
2885,42.09000015258789
2886,42.130001068115234
2887,41.720001220703125
2888,41.70000076293945
2889,40.41999816894531
2890,40.349998474121094
2891,41.40999984741211
2892,41.72999954223633
2893,41.7400016784668
2894,42.599998474121094
2895,41.959999084472656
2896,42.540000915527344
2897,42.29999923706055
2898,42.45000076293945
2899,40.900001525878906
2900,41.310001373291016
2901,41.720001220703125
2902,41.810001373291016
2903,42.31999969482422
2904,43.93000030517578
2905,43.959999084472656
2906,43.349998474121094
2907,44.22999954223633
2908,43.810001373291016
2909,44.400001525878906
2910,45.220001220703125
2911,45.150001525878906
2912,46.439998626708984
2913,46.61000061035156
2914,46.400001525878906
2915,43.97999954223633
2916,42.619998931884766
2917,42.08000183105469
2918,43.869998931884766
2919,43.91999816894531
2920,43.90999984741211
2921,44.5099983215332
2922,44.939998626708984
2923,47.08000183105469
2924,47.29999923706055
2925,46.540000915527344
2926,45.83000183105469
2927,46.68000030517578
2928,46.939998626708984
2929,44.91999816894531
2930,44.650001525878906
2931,45.220001220703125
2932,46.209999084472656
2933,46.65999984741211
2934,46.77000045776367
2935,48.02000045776367
2936,48.7400016784668
2937,47.959999084472656
2938,48.40999984741211
2939,49.04999923706055
2940,49.52000045776367
2941,49.7400016784668
2942,49.7400016784668
2943,50.86000061035156
2944,51.43000030517578
2945,50.27000045776367
2946,49.47999954223633
2947,49.45000076293945
2948,49.38999938964844
2949,49.11000061035156
2950,48.790000915527344
2951,49.65999984741211
2952,48.029998779296875
2953,48.43000030517578
2954,48.970001220703125
2955,48.630001068115234
2956,48.779998779296875
2957,48.5
2958,49.25
2959,49.619998931884766
2960,50.31999969482422
2961,50.38999938964844
2962,51.2599983215332
2963,52.04999923706055
2964,53.029998779296875
2965,52.65999984741211
2966,51.61000061035156
2967,53.79999923706055
2968,53.810001373291016
2969,54.220001220703125
2970,53.869998931884766
2971,53.150001525878906
2972,52.61000061035156
2973,52.34000015258789
2974,51.90999984741211
2975,51.279998779296875
2976,50.61000061035156
2977,51.0099983215332
2978,50.0
2979,50.4900016784668
2980,50.439998626708984
2981,51.060001373291016
2982,50.45000076293945
2983,50.54999923706055
2984,50.79999923706055
2985,50.58000183105469
2986,50.0
2987,49.400001525878906
2988,48.54999923706055
2989,48.349998474121094
2990,48.810001373291016
2991,48.52000045776367
2992,48.40999984741211
2993,46.029998779296875
2994,45.54999923706055
2995,45.709999084472656
2996,45.40999984741211
2997,43.970001220703125
2998,42.91999816894531
2999,45.25
3000,44.95000076293945
3001,44.560001373291016
3002,44.31999969482422
3003,44.7400016784668
3004,45.310001373291016
3005,43.91999816894531
3006,44.310001373291016
3007,43.84000015258789
3008,43.599998474121094
3009,45.86000061035156
3010,46.290000915527344
3011,47.0
3012,46.189998626708984
3013,46.0
3014,45.310001373291016
3015,44.380001068115234
3016,45.41999816894531
3017,46.290000915527344
3018,47.060001373291016
3019,47.70000076293945
3020,47.58000183105469
3021,46.849998474121094
3022,47.4900016784668
3023,47.4900016784668
3024,47.72999954223633
3025,50.5099983215332
3026,50.72999954223633
3027,50.560001373291016
3028,51.29999923706055
3029,50.599998474121094
3030,53.029998779296875
3031,52.83000183105469
3032,52.650001525878906
3033,52.70000076293945
3034,52.27000045776367
3035,52.06999969482422
3036,52.029998779296875
3037,51.5099983215332
3038,51.93000030517578
3039,50.97999954223633
3040,51.95000076293945
3041,51.02000045776367
3042,48.61000061035156
3043,47.560001373291016
3044,47.25
3045,46.81999969482422
3046,47.84000015258789
3047,47.36000061035156
3048,47.45000076293945
3049,47.5099983215332
3050,46.459999084472656
3051,46.369998931884766
3052,45.77000045776367
3053,45.81999969482422
3054,45.7400016784668
3055,45.810001373291016
3056,47.189998626708984
3057,47.68000030517578
3058,47.38999938964844
3059,47.689998626708984
3060,48.650001525878906
3061,48.65999984741211
3062,48.560001373291016
3063,48.41999816894531
3064,49.220001220703125
3065,49.25
3066,50.4900016784668
3067,49.0
3068,49.93000030517578
3069,49.470001220703125
3070,49.61000061035156
3071,50.880001068115234
3072,51.02000045776367
3073,51.29999923706055
3074,50.470001220703125
3075,50.09000015258789
3076,50.209999084472656
3077,51.060001373291016
3078,51.4900016784668
3079,51.439998626708984
3080,51.91999816894531
3081,52.790000915527344
3082,52.59000015258789
3083,52.849998474121094
3084,52.400001525878906
3085,52.459999084472656
3086,52.029998779296875
3087,52.9900016784668
3088,52.34000015258789
3089,52.66999816894531
3090,52.650001525878906
3091,52.130001068115234
3092,52.08000183105469
3093,53.779998779296875
3094,56.41999816894531
3095,58.470001220703125
3096,57.97999954223633
3097,58.15999984741211
3098,58.34000015258789
3099,58.060001373291016
3100,58.099998474121094
3101,58.290000915527344
3102,54.790000915527344
3103,53.04999923706055
3104,53.06999969482422
3105,52.68000030517578
3106,52.59000015258789
3107,54.31999969482422
3108,53.880001068115234
3109,52.099998474121094
3110,49.7599983215332
3111,51.18000030517578
3112,51.400001525878906
3113,48.599998474121094
3114,48.36000061035156
3115,50.09000015258789
3116,50.869998931884766
3117,51.06999969482422
3118,51.66999816894531
3119,51.58000183105469
3120,51.720001220703125
3121,52.779998779296875
3122,52.97999954223633
3123,53.38999938964844
3124,55.0
3125,54.2599983215332
3126,54.25
3127,53.47999954223633
3128,53.18000030517578
3129,53.189998626708984
3130,53.56999969482422
3131,54.11000061035156
3132,54.790000915527344
3133,56.06999969482422
3134,56.5
3135,56.22999954223633
3136,55.279998779296875
3137,55.16999816894531
3138,55.400001525878906
3139,54.619998931884766
3140,55.31999969482422
3141,54.09000015258789
3142,52.310001373291016
3143,51.0099983215332
3144,51.86000061035156
3145,50.900001525878906
3146,50.849998474121094
3147,51.959999084472656
3148,49.779998779296875
3149,51.470001220703125
3150,52.040000915527344
3151,52.13999938964844
3152,50.290000915527344
3153,49.81999969482422
3154,47.459999084472656
3155,45.400001525878906
3156,46.56999969482422
3157,45.869998931884766
3158,46.400001525878906
3159,45.75
3160,47.7599983215332
3161,46.880001068115234
3162,46.779998779296875
3163,46.68000030517578
3164,45.689998626708984
3165,45.25
3166,42.369998931884766
3167,43.400001525878906
3168,42.93000030517578
3169,43.36000061035156
3170,42.2400016784668
3171,42.11000061035156
3172,42.86000061035156
3173,42.439998626708984
3174,43.0
3175,41.5
3176,42.040000915527344
3177,42.599998474121094
3178,42.459999084472656
3179,43.189998626708984
3180,44.060001373291016
3181,43.630001068115234
3182,43.380001068115234
3183,44.279998779296875
3184,42.880001068115234
3185,42.79999923706055
3186,43.560001373291016
3187,44.90999984741211
3188,43.59000015258789
3189,43.29999923706055
3190,43.540000915527344
3191,44.0
3192,44.86000061035156
3193,44.18000030517578
3194,44.189998626708984
3195,43.84000015258789
3196,43.11000061035156
3197,44.15999984741211
3198,43.40999984741211
3199,42.91999816894531
3200,43.08000183105469
3201,42.77000045776367
3202,42.439998626708984
3203,41.5099983215332
3204,42.029998779296875
3205,41.4900016784668
3206,41.349998474121094
3207,39.68000030517578
3208,39.09000015258789
3209,38.2599983215332
3210,38.20000076293945
3211,37.959999084472656
3212,38.36000061035156
3213,37.75
3214,37.9900016784668
3215,38.09000015258789
3216,39.310001373291016
3217,39.119998931884766
3218,35.959999084472656
3219,36.33000183105469
3220,37.119998931884766
3221,37.279998779296875
3222,37.380001068115234
3223,38.369998931884766
3224,38.130001068115234
3225,37.880001068115234
3226,38.040000915527344
3227,37.45000076293945
3228,38.189998626708984
3229,40.02000045776367
3230,39.689998626708984
3231,38.970001220703125
3232,39.540000915527344
3233,38.13999938964844
3234,37.93000030517578
3235,38.41999816894531
3236,38.40999984741211
3237,38.2599983215332
3238,38.380001068115234
3239,37.91999816894531
3240,37.2599983215332
3241,36.790000915527344
3242,37.09000015258789
3243,37.439998626708984
3244,38.15999984741211
3245,37.790000915527344
3246,39.9900016784668
3247,40.33000183105469
3248,39.189998626708984
3249,38.83000183105469
3250,38.81999969482422
3251,39.52000045776367
3252,40.689998626708984
3253,40.5
3254,40.400001525878906
3255,40.47999954223633
3256,40.77000045776367
3257,39.66999816894531
3258,38.47999954223633
3259,38.43000030517578
3260,39.43000030517578
3261,40.18000030517578
3262,39.2599983215332
3263,39.47999954223633
3264,39.7400016784668
3265,40.31999969482422
3266,40.790000915527344
3267,41.599998474121094
3268,41.88999938964844
3269,43.599998474121094
3270,41.97999954223633
3271,40.810001373291016
3272,41.040000915527344
3273,41.5
3274,41.33000183105469
3275,39.61000061035156
3276,38.5
3277,38.79999923706055
3278,37.91999816894531
3279,36.439998626708984
3280,35.900001525878906
3281,33.54999923706055
3282,31.610000610351562
3283,31.270000457763672
3284,30.90999984741211
3285,31.780000686645508
3286,33.279998779296875
3287,33.56999969482422
3288,32.060001373291016
3289,32.040000915527344
3290,32.15999984741211
3291,32.380001068115234
3292,30.34000015258789
3293,32.369998931884766
3294,32.459999084472656
3295,32.599998474121094
3296,34.65999984741211
3297,35.08000183105469
3298,36.369998931884766
3299,36.33000183105469
3300,35.720001220703125
3301,35.16999816894531
3302,36.970001220703125
3303,36.86000061035156
3304,36.220001220703125
3305,36.86000061035156
3306,37.779998779296875
3307,38.11000061035156
3308,37.81999969482422
3309,36.75
3310,35.81999969482422
3311,35.59000015258789
3312,36.310001373291016
3313,37.95000076293945
3314,38.099998474121094
3315,38.290000915527344
3316,38.939998626708984
3317,38.41999816894531
3318,40.15999984741211
3319,39.650001525878906
3320,36.689998626708984
3321,36.939998626708984
3322,33.56999969482422
3323,33.84000015258789
3324,34.099998474121094
3325,34.349998474121094
3326,32.459999084472656
3327,32.40999984741211
3328,32.040000915527344
3329,33.540000915527344
3330,32.41999816894531
3331,31.889999389648438
3332,30.780000686645508
3333,29.719999313354492
3334,32.290000915527344
3335,32.040000915527344
3336,31.829999923706055
3337,32.11000061035156
3338,32.47999954223633
3339,30.059999465942383
3340,32.040000915527344
3341,32.95000076293945
3342,32.41999816894531
3343,33.41999816894531
3344,32.040000915527344
3345,31.799999237060547
3346,31.709999084472656
3347,32.099998474121094
3348,32.84000015258789
3349,33.58000183105469
3350,33.970001220703125
3351,32.7400016784668
3352,31.649999618530273
3353,33.65999984741211
3354,34.97999954223633
3355,36.56999969482422
3356,36.290000915527344
3357,36.34000015258789
3358,35.77000045776367
3359,36.11000061035156
3360,36.779998779296875
3361,36.93000030517578
3362,36.7599983215332
3363,36.16999816894531
3364,36.0
3365,36.59000015258789
3366,35.75
3367,36.209999084472656
3368,36.11000061035156
3369,35.04999923706055
3370,35.470001220703125
3371,35.060001373291016
3372,34.97999954223633
3373,35.4900016784668
3374,35.900001525878906
3375,36.25
3376,35.689998626708984
3377,35.630001068115234
3378,34.63999938964844
3379,33.720001220703125
3380,33.22999954223633
3381,32.7599983215332
3382,32.220001220703125
3383,31.90999984741211
3384,32.04999923706055
3385,30.920000076293945
3386,31.84000015258789
3387,32.130001068115234
3388,31.43000030517578
3389,31.3799991607666
3390,31.59000015258789
3391,30.959999084472656
3392,31.450000762939453
3393,30.56999969482422
3394,30.209999084472656
3395,30.209999084472656
3396,30.940000534057617
3397,30.899999618530273
3398,31.760000228881836
3399,32.349998474121094
3400,32.9900016784668
3401,33.709999084472656
3402,33.93000030517578
3403,34.060001373291016
3404,33.880001068115234
3405,33.310001373291016
3406,34.02000045776367
3407,34.810001373291016
3408,34.689998626708984
3409,33.75
3410,34.029998779296875
3411,34.380001068115234
3412,34.369998931884766
3413,33.47999954223633
3414,33.970001220703125
3415,33.9900016784668
3416,33.40999984741211
3417,33.060001373291016
3418,33.77000045776367
3419,34.18000030517578
3420,33.90999984741211
3421,33.95000076293945
3422,34.790000915527344
3423,34.75
3424,33.90999984741211
3425,33.75
3426,33.95000076293945
3427,33.9900016784668
3428,32.13999938964844
3429,32.34000015258789
3430,32.15999984741211
3431,32.31999969482422
3432,31.739999771118164
3433,30.959999084472656
3434,31.299999237060547
3435,29.920000076293945
3436,29.5
3437,29.170000076293945
3438,28.729999542236328
3439,28.40999984741211
3440,28.170000076293945
3441,27.229999542236328
3442,27.200000762939453
3443,29.1200008392334
3444,30.360000610351562
3445,30.3799991607666
3446,30.920000076293945
3447,30.760000228881836
3448,30.579999923706055
3449,31.100000381469727
3450,33.09000015258789
3451,32.68000030517578
3452,32.560001373291016
3453,32.52000045776367
3454,33.209999084472656
3455,32.150001525878906
3456,31.56999969482422
3457,31.81999969482422
3458,31.260000228881836
3459,31.459999084472656
3460,32.150001525878906
3461,32.61000061035156
3462,32.880001068115234
3463,32.189998626708984
3464,32.720001220703125
3465,32.459999084472656
3466,32.790000915527344
3467,32.36000061035156
3468,32.939998626708984
3469,33.029998779296875
3470,33.779998779296875
3471,33.61000061035156
3472,34.220001220703125
3473,33.2599983215332
3474,33.7400016784668
3475,33.08000183105469
3476,32.900001525878906
3477,33.72999954223633
3478,34.59000015258789
3479,31.670000076293945
3480,31.239999771118164
3481,30.739999771118164
3482,30.709999084472656
3483,30.510000228881836
3484,29.84000015258789
3485,29.450000762939453
3486,28.530000686645508
3487,28.360000610351562
3488,28.6299991607666
3489,29.079999923706055
3490,28.780000686645508
3491,27.639999389648438
3492,27.510000228881836
3493,26.100000381469727
3494,25.40999984741211
3495,25.790000915527344
3496,26.100000381469727
3497,25.829999923706055
3498,26.420000076293945
3499,26.530000686645508
3500,25.420000076293945
3501,25.190000534057617
3502,24.450000762939453
3503,25.329999923706055
3504,26.31999969482422
3505,26.309999465942383
3506,26.510000228881836
3507,27.0
3508,27.690000534057617
3509,27.790000915527344
3510,28.440000534057617
3511,29.1200008392334
3512,29.760000228881836
3513,29.940000534057617
3514,29.950000762939453
3515,27.770000457763672
3516,28.639999389648438
3517,28.600000381469727
3518,28.299999237060547
3519,27.989999771118164
3520,27.5
3521,27.0
3522,27.440000534057617
3523,27.190000534057617
3524,27.010000228881836
3525,26.969999313354492
3526,26.799999237060547
3527,25.3700008392334
3528,25.270000457763672
3529,25.829999923706055
3530,25.829999923706055
3531,26.260000228881836
3532,27.06999969482422
3533,27.18000030517578
3534,27.360000610351562
3535,27.6200008392334
3536,28.270000457763672
3537,28.049999237060547
3538,27.93000030517578
3539,28.219999313354492
3540,28.6200008392334
3541,28.260000228881836
3542,28.290000915527344
3543,29.40999984741211
3544,30.860000610351562
3545,31.360000610351562
3546,30.920000076293945
3547,30.290000915527344
3548,30.059999465942383
3549,30.559999465942383
3550,30.950000762939453
3551,31.18000030517578
3552,30.959999084472656
3553,30.889999389648438
3554,30.760000228881836
3555,30.59000015258789
3556,29.520000457763672
3557,28.65999984741211
3558,28.770000457763672
3559,28.860000610351562
3560,28.600000381469727
3561,29.290000915527344
3562,28.229999542236328
3563,27.93000030517578
3564,28.68000030517578
3565,28.989999771118164
3566,29.049999237060547
3567,28.950000762939453
3568,28.739999771118164
3569,28.079999923706055
3570,27.290000915527344
3571,27.3799991607666
3572,27.239999771118164
3573,27.729999542236328
3574,27.489999771118164
3575,27.0
3576,26.860000610351562
3577,27.719999313354492
3578,27.479999542236328
3579,27.920000076293945
3580,28.280000686645508
3581,28.0
3582,28.549999237060547
3583,29.040000915527344
3584,29.299999237060547
3585,29.18000030517578
3586,29.670000076293945
3587,28.440000534057617
3588,28.299999237060547
3589,28.68000030517578
3590,29.09000015258789
3591,27.649999618530273
3592,27.31999969482422
3593,27.219999313354492
3594,27.84000015258789
3595,27.950000762939453
3596,27.31999969482422
3597,27.389999389648438
3598,27.530000686645508
3599,27.579999923706055
3600,28.229999542236328
3601,28.399999618530273
3602,27.200000762939453
3603,27.31999969482422
3604,28.799999237060547
3605,27.639999389648438
3606,26.110000610351562
3607,26.899999618530273
3608,26.799999237060547
3609,27.719999313354492
3610,26.84000015258789
3611,27.15999984741211
3612,28.43000030517578
3613,29.100000381469727
3614,28.299999237060547
3615,28.3799991607666
3616,28.790000915527344
3617,29.84000015258789
3618,30.469999313354492
3619,30.09000015258789
3620,29.200000762939453
3621,28.6299991607666
3622,28.329999923706055
3623,28.510000228881836
3624,27.81999969482422
3625,25.450000762939453
3626,23.1200008392334
3627,22.309999465942383
3628,20.600000381469727
3629,19.049999237060547
3630,18.860000610351562
3631,17.850000381469727
3632,18.530000686645508
3633,16.040000915527344
3634,15.970000267028809
3635,14.75
3636,17.0
3637,16.260000228881836
3638,13.449999809265137
3639,14.3100004196167
3640,15.920000076293945
3641,15.579999923706055
3642,11.649999618530273
3643,10.289999961853027
3644,10.380000114440918
3645,10.25
3646,13.920000076293945
3647,15.390000343322754
3648,15.65999984741211
3649,14.039999961853027
3650,12.25
3651,12.1899995803833
3652,10.6899995803833
